/*INSERT INTO Schedule VALUES ("Douglas", "Yoga", '2020-06-01 13:15:00', 55);
INSERT INTO Schedule VALUES ("Douglas", "Yoga", '2020-06-02 13:15:00', 55);
INSERT INTO Schedule VALUES ("Douglas", "Yoga", '2020-06-03 13:15:00', 55);
INSERT INTO Schedule VALUES ("Douglas", "Yoga", '2020-06-04 13:15:00', 55);
INSERT INTO Schedule VALUES ("Douglas", "Yoga", '2020-06-05 13:15:00', 55);
INSERT INTO Schedule VALUES ("Douglas", "Yoga", '2020-06-06 13:15:00', 55);
INSERT INTO Schedule VALUES ("Douglas", "Yoga", '2020-06-07 13:15:00', 55);
INSERT INTO Schedule VALUES ("Douglas", "Yoga", '2020-06-08 13:15:00', 55);
INSERT INTO Schedule VALUES ("Douglas", "Yoga", '2020-06-09 13:15:00', 55);
INSERT INTO Schedule VALUES ("Douglas", "Yoga", '2020-06-10 13:15:00', 55);
INSERT INTO Schedule VALUES ("Douglas", "Yoga", '2020-06-11 13:15:00', 55);*/

/*
INSERT INTO InstructorBooking VALUES ('2020-06-01 13:15:00', 8403038877, "Douglas");
INSERT INTO InstructorBooking VALUES ('2020-06-02 13:15:00', 8403038877, "Douglas");
INSERT INTO InstructorBooking VALUES ('2020-06-03 13:15:00', 8403038877, "Douglas");
INSERT INTO InstructorBooking VALUES ('2020-06-04 13:15:00', 8403038877, "Douglas");
INSERT INTO InstructorBooking VALUES ('2020-06-05 13:15:00', 8403038877, "Douglas");
INSERT INTO InstructorBooking VALUES ('2020-06-06 13:15:00', 8403038877, "Douglas");
INSERT INTO InstructorBooking VALUES ('2020-06-07 13:15:00', 8403038877, "Douglas");
INSERT INTO InstructorBooking VALUES ('2020-06-08 13:15:00', 8403038877, "Douglas");
INSERT INTO InstructorBooking VALUES ('2020-06-09 13:15:00', 8403038877, "Douglas");
INSERT INTO InstructorBooking VALUES ('2020-06-10 13:15:00', 8403038877, "Douglas");
INSERT INTO InstructorBooking VALUES ('2020-06-11 13:15:00', 8403038877, "Douglas");
*/

INSERT INTO MemberBooking Values (1111111111, '2020-06-05 13:15:00', "Douglas");
INSERT INTO MemberBooking Values (1111111111, '2020-06-10 13:15:00', "Douglas");
INSERT INTO MemberBooking Values (1111111111, '2020-06-02 13:15:00', "Douglas");